Customer_ID,total_transactions,fraud_transactions,customer_fraud_rate
CUST2864,2,2,100.0
CUST3692,2,2,100.0
CUST4277,2,2,100.0
CUST7035,2,2,100.0
CUST7972,2,2,100.0
CUST8689,2,2,100.0
CUST9762,2,2,100.0
CUST2893,3,2,66.67
CUST5995,3,2,66.67
CUST8610,3,2,66.67
CUST1034,1,1,100.0
CUST1073,1,1,100.0
CUST1125,1,1,100.0
CUST1164,1,1,100.0
CUST1179,1,1,100.0
CUST1230,1,1,100.0
CUST1280,1,1,100.0
CUST1292,1,1,100.0
CUST1336,1,1,100.0
CUST1343,1,1,100.0
CUST1352,1,1,100.0
CUST1364,1,1,100.0
CUST1368,1,1,100.0
CUST1384,1,1,100.0
CUST1495,1,1,100.0
CUST1529,1,1,100.0
CUST1569,1,1,100.0
CUST1582,1,1,100.0
CUST1622,1,1,100.0
CUST1636,1,1,100.0
CUST1644,1,1,100.0
CUST1648,1,1,100.0
CUST1651,1,1,100.0
CUST1754,1,1,100.0
CUST1804,1,1,100.0
CUST1814,1,1,100.0
CUST1833,1,1,100.0
CUST1943,1,1,100.0
CUST1995,1,1,100.0
CUST2017,1,1,100.0
CUST2037,1,1,100.0
CUST2080,1,1,100.0
CUST2114,1,1,100.0
CUST2177,1,1,100.0
CUST2225,1,1,100.0
CUST2231,1,1,100.0
CUST2234,1,1,100.0
CUST2243,1,1,100.0
CUST2253,1,1,100.0
CUST2266,1,1,100.0
CUST2300,1,1,100.0
CUST2311,1,1,100.0
CUST2456,1,1,100.0
CUST2579,1,1,100.0
CUST2592,1,1,100.0
CUST2597,1,1,100.0
CUST2612,1,1,100.0
CUST2744,1,1,100.0
CUST2774,1,1,100.0
CUST2872,1,1,100.0
CUST2889,1,1,100.0
CUST2951,1,1,100.0
CUST2958,1,1,100.0
CUST2985,1,1,100.0
CUST3045,1,1,100.0
CUST3091,1,1,100.0
CUST3120,1,1,100.0
CUST3136,1,1,100.0
CUST3146,1,1,100.0
CUST3181,1,1,100.0
CUST3185,1,1,100.0
CUST3207,1,1,100.0
CUST3243,1,1,100.0
CUST3362,1,1,100.0
CUST3367,1,1,100.0
CUST3376,1,1,100.0
CUST3381,1,1,100.0
CUST3388,1,1,100.0
CUST3438,1,1,100.0
CUST3459,1,1,100.0
CUST3462,1,1,100.0
CUST3463,1,1,100.0
CUST3519,1,1,100.0
CUST3572,1,1,100.0
CUST3587,1,1,100.0
CUST3642,1,1,100.0
CUST3683,1,1,100.0
CUST3689,1,1,100.0
CUST3782,1,1,100.0
CUST3827,1,1,100.0
CUST3840,1,1,100.0
CUST3861,1,1,100.0
CUST3862,1,1,100.0
CUST3905,1,1,100.0
CUST3915,1,1,100.0
CUST3967,1,1,100.0
CUST3979,1,1,100.0
CUST4113,1,1,100.0
CUST4135,1,1,100.0
CUST4172,1,1,100.0
CUST4213,1,1,100.0
CUST4239,1,1,100.0
CUST4249,1,1,100.0
CUST4255,1,1,100.0
CUST4333,1,1,100.0
CUST4349,1,1,100.0
CUST4355,1,1,100.0
CUST4408,1,1,100.0
CUST4449,1,1,100.0
CUST4463,1,1,100.0
CUST4483,1,1,100.0
CUST4487,1,1,100.0
CUST4492,1,1,100.0
CUST4544,1,1,100.0
CUST4545,1,1,100.0
CUST4572,1,1,100.0
CUST4575,1,1,100.0
CUST4578,1,1,100.0
CUST4622,1,1,100.0
CUST4743,1,1,100.0
CUST4765,1,1,100.0
CUST4834,1,1,100.0
CUST4943,1,1,100.0
CUST4957,1,1,100.0
CUST5041,1,1,100.0
CUST5100,1,1,100.0
CUST5108,1,1,100.0
CUST5155,1,1,100.0
CUST5186,1,1,100.0
CUST5188,1,1,100.0
CUST5204,1,1,100.0
CUST5304,1,1,100.0
CUST5315,1,1,100.0
CUST5321,1,1,100.0
CUST5329,1,1,100.0
CUST5331,1,1,100.0
CUST5368,1,1,100.0
CUST5421,1,1,100.0
CUST5476,1,1,100.0
CUST5488,1,1,100.0
CUST5526,1,1,100.0
CUST5527,1,1,100.0
CUST5539,1,1,100.0
CUST5591,1,1,100.0
CUST5737,1,1,100.0
CUST5739,1,1,100.0
CUST5758,1,1,100.0
CUST5783,1,1,100.0
CUST5820,1,1,100.0
CUST5831,1,1,100.0
CUST5843,1,1,100.0
CUST5859,1,1,100.0
CUST5862,1,1,100.0
CUST5964,1,1,100.0
CUST6010,1,1,100.0
CUST6048,1,1,100.0
CUST6054,1,1,100.0
CUST6062,1,1,100.0
CUST6250,1,1,100.0
CUST6280,1,1,100.0
CUST6281,1,1,100.0
CUST6285,1,1,100.0
CUST6306,1,1,100.0
CUST6370,1,1,100.0
CUST6377,1,1,100.0
CUST6382,1,1,100.0
CUST6390,1,1,100.0
CUST6396,1,1,100.0
CUST6429,1,1,100.0
CUST6434,1,1,100.0
CUST6441,1,1,100.0
CUST6480,1,1,100.0
CUST6489,1,1,100.0
CUST6587,1,1,100.0
CUST6591,1,1,100.0
CUST6635,1,1,100.0
CUST6688,1,1,100.0
CUST6704,1,1,100.0
CUST6713,1,1,100.0
CUST6719,1,1,100.0
CUST6778,1,1,100.0
CUST6812,1,1,100.0
CUST6815,1,1,100.0
CUST6832,1,1,100.0
CUST6834,1,1,100.0
CUST6839,1,1,100.0
CUST6850,1,1,100.0
CUST6881,1,1,100.0
CUST6911,1,1,100.0
CUST6916,1,1,100.0
CUST6948,1,1,100.0
CUST6952,1,1,100.0
CUST6958,1,1,100.0
CUST6965,1,1,100.0
CUST6991,1,1,100.0
CUST7026,1,1,100.0
CUST7046,1,1,100.0
CUST7058,1,1,100.0
CUST7063,1,1,100.0
CUST7077,1,1,100.0
CUST7079,1,1,100.0
CUST7103,1,1,100.0
CUST7134,1,1,100.0
CUST7140,1,1,100.0
CUST7203,1,1,100.0
CUST7222,1,1,100.0
CUST7242,1,1,100.0
CUST7305,1,1,100.0
CUST7358,1,1,100.0
CUST7391,1,1,100.0
CUST7445,1,1,100.0
CUST7535,1,1,100.0
CUST7587,1,1,100.0
CUST7613,1,1,100.0
CUST7629,1,1,100.0
CUST7699,1,1,100.0
CUST7711,1,1,100.0
CUST7718,1,1,100.0
CUST7751,1,1,100.0
CUST7752,1,1,100.0
CUST7765,1,1,100.0
CUST7797,1,1,100.0
CUST7814,1,1,100.0
CUST7832,1,1,100.0
CUST7879,1,1,100.0
CUST7880,1,1,100.0
CUST7904,1,1,100.0
CUST7906,1,1,100.0
CUST8022,1,1,100.0
CUST8035,1,1,100.0
CUST8045,1,1,100.0
CUST8078,1,1,100.0
CUST8090,1,1,100.0
CUST8121,1,1,100.0
CUST8137,1,1,100.0
CUST8188,1,1,100.0
CUST8240,1,1,100.0
CUST8243,1,1,100.0
CUST8262,1,1,100.0
CUST8274,1,1,100.0
CUST8293,1,1,100.0
CUST8323,1,1,100.0
CUST8364,1,1,100.0
CUST8365,1,1,100.0
CUST8378,1,1,100.0
CUST8383,1,1,100.0
CUST8398,1,1,100.0
CUST8401,1,1,100.0
CUST8412,1,1,100.0
CUST8419,1,1,100.0
CUST8426,1,1,100.0
CUST8493,1,1,100.0
CUST8525,1,1,100.0
CUST8528,1,1,100.0
CUST8531,1,1,100.0
CUST8584,1,1,100.0
CUST8614,1,1,100.0
CUST8637,1,1,100.0
CUST8641,1,1,100.0
CUST8657,1,1,100.0
CUST8663,1,1,100.0
CUST8690,1,1,100.0
CUST8699,1,1,100.0
CUST8718,1,1,100.0
CUST8751,1,1,100.0
CUST8758,1,1,100.0
CUST8760,1,1,100.0
CUST8849,1,1,100.0
CUST8930,1,1,100.0
CUST8954,1,1,100.0
CUST9000,1,1,100.0
CUST9027,1,1,100.0
CUST9042,1,1,100.0
CUST9083,1,1,100.0
CUST9089,1,1,100.0
CUST9095,1,1,100.0
CUST9150,1,1,100.0
CUST9241,1,1,100.0
CUST9268,1,1,100.0
CUST9354,1,1,100.0
CUST9384,1,1,100.0
CUST9449,1,1,100.0
CUST9473,1,1,100.0
CUST9485,1,1,100.0
CUST9537,1,1,100.0
CUST9582,1,1,100.0
CUST9584,1,1,100.0
CUST9678,1,1,100.0
CUST9681,1,1,100.0
CUST9686,1,1,100.0
CUST9705,1,1,100.0
CUST9750,1,1,100.0
CUST9819,1,1,100.0
CUST9910,1,1,100.0
CUST1004,2,1,50.0
CUST1165,2,1,50.0
CUST1321,2,1,50.0
CUST1335,2,1,50.0
CUST1411,2,1,50.0
CUST1518,2,1,50.0
CUST1541,2,1,50.0
CUST1553,2,1,50.0
CUST1560,2,1,50.0
CUST1598,2,1,50.0
CUST1601,2,1,50.0
CUST1602,2,1,50.0
CUST1609,2,1,50.0
CUST1618,2,1,50.0
CUST1638,2,1,50.0
CUST1703,2,1,50.0
CUST1740,2,1,50.0
CUST1806,2,1,50.0
CUST1836,2,1,50.0
CUST1837,2,1,50.0
CUST1872,2,1,50.0
CUST1931,2,1,50.0
CUST2021,2,1,50.0
CUST2028,2,1,50.0
CUST2209,2,1,50.0
CUST2328,2,1,50.0
CUST2482,2,1,50.0
CUST2490,2,1,50.0
CUST2536,2,1,50.0
CUST2590,2,1,50.0
CUST2770,2,1,50.0
CUST2781,2,1,50.0
CUST2791,2,1,50.0
CUST2798,2,1,50.0
CUST2892,2,1,50.0
CUST2897,2,1,50.0
CUST2905,2,1,50.0
CUST3042,2,1,50.0
CUST3063,2,1,50.0
CUST3077,2,1,50.0
CUST3094,2,1,50.0
CUST3251,2,1,50.0
CUST3269,2,1,50.0
CUST3432,2,1,50.0
CUST3707,2,1,50.0
CUST3810,2,1,50.0
CUST3943,2,1,50.0
CUST3984,2,1,50.0
CUST3995,2,1,50.0
CUST4025,2,1,50.0
CUST4061,2,1,50.0
CUST4370,2,1,50.0
CUST4379,2,1,50.0
CUST4491,2,1,50.0
CUST4526,2,1,50.0
CUST4650,2,1,50.0
CUST4686,2,1,50.0
CUST4712,2,1,50.0
CUST4887,2,1,50.0
CUST4913,2,1,50.0
CUST4944,2,1,50.0
CUST5112,2,1,50.0
CUST5166,2,1,50.0
CUST5200,2,1,50.0
CUST5253,2,1,50.0
CUST5340,2,1,50.0
CUST5412,2,1,50.0
CUST5522,2,1,50.0
CUST5690,2,1,50.0
CUST5704,2,1,50.0
CUST5723,2,1,50.0
CUST5759,2,1,50.0
CUST5810,2,1,50.0
CUST5863,2,1,50.0
CUST5920,2,1,50.0
CUST5969,2,1,50.0
CUST5985,2,1,50.0
CUST6080,2,1,50.0
CUST6109,2,1,50.0
CUST6214,2,1,50.0
CUST6272,2,1,50.0
CUST6288,2,1,50.0
CUST6341,2,1,50.0
CUST6502,2,1,50.0
CUST6579,2,1,50.0
CUST6636,2,1,50.0
CUST6671,2,1,50.0
CUST6745,2,1,50.0
CUST6861,2,1,50.0
CUST6870,2,1,50.0
CUST6903,2,1,50.0
CUST6917,2,1,50.0
CUST6989,2,1,50.0
CUST7060,2,1,50.0
CUST7098,2,1,50.0
CUST7218,2,1,50.0
CUST7483,2,1,50.0
CUST7490,2,1,50.0
CUST7491,2,1,50.0
CUST7604,2,1,50.0
CUST7641,2,1,50.0
CUST7712,2,1,50.0
CUST7798,2,1,50.0
CUST7825,2,1,50.0
CUST7857,2,1,50.0
CUST7950,2,1,50.0
CUST7962,2,1,50.0
CUST8031,2,1,50.0
CUST8211,2,1,50.0
CUST8226,2,1,50.0
CUST8246,2,1,50.0
CUST8255,2,1,50.0
CUST8265,2,1,50.0
CUST8294,2,1,50.0
CUST8325,2,1,50.0
CUST8330,2,1,50.0
CUST8417,2,1,50.0
CUST8585,2,1,50.0
CUST8589,2,1,50.0
CUST8697,2,1,50.0
CUST8743,2,1,50.0
CUST8746,2,1,50.0
CUST8777,2,1,50.0
CUST8867,2,1,50.0
CUST8907,2,1,50.0
CUST9026,2,1,50.0
CUST9065,2,1,50.0
CUST9071,2,1,50.0
CUST9221,2,1,50.0
CUST9254,2,1,50.0
CUST9258,2,1,50.0
CUST9267,2,1,50.0
CUST9371,2,1,50.0
CUST9594,2,1,50.0
CUST9668,2,1,50.0
CUST9700,2,1,50.0
CUST9712,2,1,50.0
CUST9796,2,1,50.0
CUST9835,2,1,50.0
CUST9858,2,1,50.0
CUST1029,3,1,33.33
CUST1452,3,1,33.33
CUST1551,3,1,33.33
CUST1581,3,1,33.33
CUST1973,3,1,33.33
CUST2072,3,1,33.33
CUST2550,3,1,33.33
CUST2922,3,1,33.33
CUST3610,3,1,33.33
CUST3741,3,1,33.33
CUST4020,3,1,33.33
CUST4345,3,1,33.33
CUST4541,3,1,33.33
CUST4709,3,1,33.33
CUST4822,3,1,33.33
CUST4954,3,1,33.33
CUST5039,3,1,33.33
CUST5147,3,1,33.33
CUST5301,3,1,33.33
CUST5637,3,1,33.33
CUST6016,3,1,33.33
CUST6069,3,1,33.33
CUST6483,3,1,33.33
CUST6553,3,1,33.33
CUST7200,3,1,33.33
CUST7221,3,1,33.33
CUST7322,3,1,33.33
CUST7545,3,1,33.33
CUST7565,3,1,33.33
CUST8521,3,1,33.33
CUST8883,3,1,33.33
CUST9055,3,1,33.33
CUST9184,3,1,33.33
CUST9228,3,1,33.33
CUST9284,3,1,33.33
CUST2246,4,1,25.0
CUST8053,4,1,25.0
CUST8944,5,1,20.0
